company_name,company_url,revenue,current_tech_use
"benton, john b jr",bentonjohnbjr.com,105336378,bigcommerce
"chanay, jeffrey a esq",hanayjeffreya.com,474724994,bigcommerce
"chemel, james l cpa",chemeljamesl.com,847493638,amazon pay
feltz printing service,feltzprintingservice.com,146508475,salesforce
printing dimensions,printingdimensions.com,759670648,google analytics
"chapman, ross e esq",chapmanrosse.com,854573021,amazon pay
morlong associates,orlongassociates.com,916643569,amazon pay
commercial press,commercialpress.com,118304996,amazon pay
truhlar and truhlar attys,truhlarandtruhlarattys.com,95112935,zendesk
"king, christopher a esq",kingchristophera.com,683072324,bigcommerce
"dorl, james j esq",dorljamesj.com,333912835,hubspot
rangoni of florence,rangoniofflorence.com,462545061,google analytics
feiner bros,support.feinerbros.com,887683602,marketo
buckley miller & wright,buckleymillerwright.com,570200566,amazon pay
"rousseaux, michael esq",rousseauxmichael.com,822931467,amazon pay
century communications,centurycommunications.com,164487504,shopify
"bolton, wilbur esq",boltonwilbur.com,968845058,salesforce
t m byxbee company pc,tmbyxbeecompanypc.com,295176910,shopify
farmers insurance group,farmersinsurancegroup.com,694436393,shopify
post box services plus,postboxservicesplus.com,717267656,marketo
sport en art,sportenart.com,747797042,marketo
c 4 network inc,c4network.com,965564876,salesforce
"ingalls, donald r esq",ingallsdonaldr.com,32468004,shopify
"franklin, peter l esq",franklinpeterl.com,40133532,google analytics
wtlz power 107 fm,wtlzpower107fm.com,115686405,google analytics
"ledecky, david esq",ledeckydavid.com,187219713,amazon pay
professional image inc,professionalimage.com,118823236,hubspot
"sider, donald c esq",siderdonaldc.com,534458141,marketo
u pull it,support.upullit.com,848896415,marketo
"clark, richard cpa",clarkrichard.com,162930769,amazon pay
"moskowitz, barry s",moskowitzbarrys.com,746082501,amazon pay
cascade realty advisors inc,cascaderealtyadvisors.com,296178201,marketo
knwz newsradio,knwznewsradio.com,350584693,hubspot
"giampetro, anthony d",giampetroanthonyd.com,868320742,google analytics
milford enterprises inc,milfordenterprises.com,649514152,salesforce
"mosocco, ronald a",mosoccoronalda.com,691717283,salesforce
tri state refueler co,tristaterefueler.com,659256991,google analytics
parkway company,parkwaycompany.com,149424707,shopify
fbs business finance,bsbusinessfinance.com,752467619,marketo
eder assocs consltng engrs pc,ederassocsconsltngengrspc.com,55212267,zendesk
tri m tool inc,trimtool.com,46801259,salesforce
international eyelets inc,internationaleyelets.com,756130814,shopify
rapid trading intl,rapidtradingintl.com,985061844,shopify
abc enterprises inc,abcenterprises.com,272148097,amazon pay
cindy turner associates,cindyturnerassociates.com,36594711,hubspot
"stanton, james d esq",stantonjamesd.com,631727139,hubspot
grace pastries inc,gracepastries.com,858692661,marketo
"schroer, gene e esq",schroergenee.com,153969018,amazon pay
knights inn,knightsinn.com,592441369,hubspot
bollinger mach shp & shipyard,bollingermachshpshipyard.com,886122402,google analytics
orinda news,orindanews.com,915742039,bigcommerce
ballard spahr andrews,ballardspahrandrews.com,694550711,google analytics
lowy limousine service,lowylimousineservice.com,331754362,marketo
vicon corporation,iconcorporation.com,807647119,amazon pay
"rossi, michael m",rossimichaelm.com,132322002,amazon pay
northwest publishing,northwestpublishing.com,705683343,marketo
branford wire & mfg co,branfordwiremfg.com,853453386,google analytics
east coast marketing,eastcoastmarketing.com,993209695,zendesk
wye technologies inc,wyetechnologies.com,377775953,salesforce
"healy, george w iv",healygeorgewiv.com,342975184,amazon pay
alpenlite inc,lpenlite.com,802743084,bigcommerce
"hubbard, bruce esq",hubbardbruce.com,105464487,amazon pay
arthur a oliver & son inc,arthuraoliverson.com,779452999,amazon pay
george jessop carter jewelers,georgejessopcarterjewelers.com,919263397,google analytics
"schultz, thomas c md",schultzthomascmd.com,45723093,google analytics
h h h enterprises inc,hhhenterprises.com,152677707,google analytics
hawaiian king hotel,hawaiiankinghotel.com,735599687,salesforce
killion industries,killionindustries.com,18478709,zendesk
"robinson, william j esq",robinsonwilliamj.com,860434351,salesforce
private properties,privateproperties.com,459005439,amazon pay
rowley schlimgen inc,rowleyschlimgen.com,583179366,hubspot
forging specialties,forgingspecialties.com,959517557,zendesk
"smits, patricia garity",smitspatriciagarity.com,120485393,amazon pay
h lee leonard attorney at law,hleeleonardattorneyatlaw.com,747281478,salesforce
a k construction co,akconstruction.com,126147193,bigcommerce
"ambelang, jessica m md",ambelangjessicammd.com,781909548,salesforce
q a service,qaservice.com,563790932,hubspot
wood & whitacre contractors,woodwhitacrecontractors.com,207796400,shopify
mark iv press ltd,markivpress.com,129354713,hubspot
museum of science & industry,museumofscienceindustry.com,892683394,amazon pay
garrison ind,upport.garrisonind.com,507783309,amazon pay
saronix nymph products,saronixnymphproducts.com,892414407,shopify
smc inc,smc.com,867933934,marketo
e a i electronic assocs inc,eaielectronicassocs.com,155822350,zendesk
"conte, christopher a esq",contechristophera.com,831102903,google analytics
anker law office,ankerlawoffice.com,981431102,shopify
beutelschies & company,eutelschiescompany.com,941777716,zendesk
"fligg, kenneth i jr",fliggkennethijr.com,620182291,google analytics
"sharp, j daniel esq",sharpjdaniel.com,769587513,marketo
"assink, anne h esq",assinkanneh.com,525916919,google analytics
jewel my shop inc,jewelmyshop.com,957992652,bigcommerce
chinese translation resources,chinesetranslationresources.com,589817389,hubspot
"stevens, charles t",stevenscharlest.com,956516176,bigcommerce
"mclaughlin, luther w cpa",mclaughlinlutherw.com,115611634,amazon pay
tree musketeers,treemusketeers.com,572516501,bigcommerce
springfield div oh edison co,springfielddivohedison.com,805714831,bigcommerce
logan memorial hospital,loganmemorialhospital.com,978134764,zendesk
"kelly, charles g esq",kellycharlesg.com,381380440,shopify
industrial paper shredders inc,industrialpapershredders.com,184645137,google analytics
beck horizon builders,beckhorizonbuilders.com,870520298,marketo
porto cayo at hawks cay,portocayoathawkscay.com,102736344,salesforce
pacific grove museum ntrl hist,pacificgrovemuseumntrlhist.com,83115763,amazon pay
bender & hatley pc,benderhatleypc.com,343107916,salesforce
di cristina j & son,dicristinajson.com,856172470,hubspot
green goddess,greengoddess.com,567270254,bigcommerce
american arts & graphics,americanartsgraphics.com,864559536,hubspot
opryland hotel,oprylandhotel.com,590723808,hubspot
marking devices pubg co,markingdevicespubg.com,166925991,marketo
w tc industries inc,wtcindustries.com,312553932,shopify
whitehall robbins labs divsn,whitehallrobbinslabsdivsn.com,260681423,bigcommerce
sampler,sampler.com,539560641,zendesk
juno chefs incorporated,junochefsincorporated.com,563238261,salesforce
"carroccio, a thomas esq",carroccioathomas.com,917083085,salesforce
"stanley, richard l esq",store.stanleyrichardl.com,423002580,bigcommerce
k cs cstm mouldings windows,kcscstmmouldingswindows.com,223650754,zendesk
comfort inn,comfortinn.com,765530224,zendesk
"windsor, james l esq",windsorjamesl.com,978025859,shopify
jackson shields yeiser,jacksonshieldsyeiser.com,726457403,bigcommerce
"box, j calvin esq",boxjcalvin.com,267793872,bigcommerce
custom engineering inc,customengineering.com,297229433,hubspot
bresler eitel framg gllry ltd,support.breslereitelframggllry.com,454620392,zendesk
"carol, drake sparks esq",caroldrakesparks.com,303466980,zendesk
biltmore investors bank,biltmoreinvestorsbank.com,279730505,zendesk
desco equipment corp,descoequipment.com,640620084,hubspot
merlin electric co,merlinelectric.com,791360350,zendesk
bailey cntl co div babcock,baileycntlcodivbabcock.com,227482299,hubspot
ford brothers wholesale inc,fordbrotherswholesale.com,635317913,zendesk
cambridge inn,cambridgeinn.com,991789832,marketo
"matricciani, albert j jr",store.matriccianialbertjjr.com,246531385,shopify
nelson hawaiian ltd,nelsonhawaiian.com,168886649,bigcommerce
neland travel agency,nelandtravelagency.com,396076455,amazon pay
"asendorf, j alan esq",asendorfjalan.com,257388055,bigcommerce
"silberman, arthur l esq",silbermanarthurl.com,780402110,google analytics
honey bee breeding genetics &,honeybeebreedinggenetics.com,477424170,google analytics
wells kravitz schnitzer,ellskravitzschnitzer.com,34160174,zendesk
prohab rehabilitation servs,prohabrehabilitationservs.com,473668018,bigcommerce
"eldridge, kristin k esq",eldridgekristink.com,46269183,marketo
"vlahos, john j esq",vlahosjohnj.com,923014384,shopify
ninas indian grs & videos,ninasindiangrsvideos.com,125085075,hubspot
"schmid, gayanne k esq",schmidgayannek.com,214293314,amazon pay
moapa valley federal credit un,moapavalleyfederalcreditun.com,561808013,google analytics
kentucky tennessee clay co,kentuckytennesseeclay.com,823166906,bigcommerce
admiral party rentals & sales,admiralpartyrentalssales.com,50646032,marketo
"nelson, karolyn king esq",nelsonkarolynking.com,758581212,shopify
panasystems,panasystems.com,898687701,hubspot
"shank, edward l esq",hankedwardl.com,902346792,hubspot
megibow & edwards,megibowedwards.com,507881771,hubspot
"benoff, edward esq",benoffedward.com,825175603,zendesk
woodbridge free public library,woodbridgefreepubliclibrary.com,160677396,bigcommerce
new york life john thune,newyorklifejohnthune.com,804759491,amazon pay
alinabal inc,linabal.com,786731013,salesforce
"poletto, kim david esq",polettokimdavid.com,380901016,google analytics
"chang, carolyn esq",tore.changcarolyn.com,168138008,google analytics
silver bros inc,silverbros.com,671101642,shopify
newtec inc,newtec.com,720406661,salesforce
creative business systems,creativebusinesssystems.com,378304640,marketo
dal tile corporation,daltilecorporation.com,81388112,amazon pay
edward s katz,edwardskatz.com,841787212,hubspot
oh my goodknits inc,ohmygoodknits.com,420403326,salesforce
"redeker, debbie",redekerdebbie.com,216115643,salesforce
desert sands motel,desertsandsmotel.com,254032788,zendesk
cummins southern plains inc,umminssouthernplains.com,701682528,salesforce
lehigh furn divsn lehigh,lehighfurndivsnlehigh.com,733328198,bigcommerce
united van lines agent,unitedvanlinesagent.com,955266024,zendesk
capitol reporters,capitolreporters.com,921510451,bigcommerce
kwik kopy printing,kwikkopyprinting.com,436951228,bigcommerce
centro inc,centro.com,465279638,google analytics
"campbell, jan esq",campbelljan.com,850183160,shopify
"evans, c kelly esq",evansckelly.com,789551278,amazon pay
scat enterprises,scatenterprises.com,28742124,google analytics
"nagle, daniel j esq",support.nagledanielj.com,162788985,zendesk
serendiquity bed & breakfast,serendiquitybedbreakfast.com,283182946,salesforce
ray carolyne realty,raycarolynerealty.com,561973364,salesforce
"berg, charles e",bergcharlese.com,484068095,google analytics
"ray, milbern d",raymilbernd.com,507319908,google analytics
chadds ford winery,chaddsfordwinery.com,378904276,bigcommerce
a r packaging,arpackaging.com,141652154,salesforce
corn popper,cornpopper.com,683446263,hubspot
birite foodservice distr,biritefoodservicedistr.com,724139357,bigcommerce
anchorage museum of hist & art,anchoragemuseumofhistart.com,965987364,amazon pay
"haber, george d md",habergeorgedmd.com,555018228,bigcommerce
royal pontiac olds inc,oyalpontiacolds.com,324542871,hubspot
leonards antiques inc,leonardsantiques.com,154222245,google analytics
meca,meca.com,540140287,zendesk
nercon engineering & mfg inc,nerconengineeringmfg.com,576859373,salesforce
replica i,replicai.com,949879709,zendesk
20 20 printing inc,2020printing.com,727720982,hubspot
publishers group west,publishersgroupwest.com,149558002,marketo
"nischwitz, jeffrey l esq",nischwitzjeffreyl.com,990041299,marketo
payne blades & wellborn pa,paynebladeswellbornpa.com,991712420,zendesk
coldwell bnkr wright real est,coldwellbnkrwrightrealest.com,459358862,shopify
computer repair service,computerrepairservice.com,340037389,zendesk
fleetwood building block inc,fleetwoodbuildingblock.com,874148199,bigcommerce
colts neck medical assocs inc,coltsneckmedicalassocs.com,860555500,marketo
new england taxidermy,newenglandtaxidermy.com,271930777,bigcommerce
"ludcke, george o esq",ludckegeorgeo.com,50558635,zendesk
"mccorkle, tom s esq",mccorkletoms.com,582003882,zendesk
eagle software inc,eaglesoftware.com,150313813,amazon pay
juvenile & adult super,juvenileadultsuper.com,496337384,marketo
"perez, joseph j esq",perezjosephj.com,355599740,shopify
case foundation co,casefoundation.com,127667029,amazon pay
eis environmental engrs inc,eisenvironmentalengrs.com,158733216,amazon pay
art crafters,artcrafters.com,544773136,zendesk
marriott hotels resorts suites,marriotthotelsresortssuites.com,682696061,bigcommerce
remaco inc,remaco.com,69799024,salesforce
"bjork, robert d jr",bjorkrobertdjr.com,724607833,salesforce
"carmichael, jeffery l esq",carmichaeljefferyl.com,924848074,salesforce
"andrews, j robert esq",andrewsjrobert.com,805718372,google analytics
winship & byrne,winshipbyrne.com,336332062,marketo
burton & davis,burtondavis.com,812093435,google analytics
olympic graphic arts,store.olympicgraphicarts.com,446241552,amazon pay
magnuson,magnuson.com,360194363,bigcommerce
a all american travel inc,aallamericantravel.com,598935983,salesforce
polykote inc,polykote.com,716339031,marketo
jets cybernetics,jetscybernetics.com,307466942,marketo
metlab testing services,metlabtestingservices.com,887609210,amazon pay
"kellermann, william t esq",kellermannwilliamt.com,26406087,shopify
"arturi, peter d esq",arturipeterd.com,423219714,zendesk
mcauley mfg co,mcauleymfg.com,477382592,bigcommerce
defur voran hanley radcliff,defurvoranhanleyradcliff.com,9241660,zendesk
dill dill carr & stonbraker pc,dilldillcarrstonbrakerpc.com,839303909,amazon pay
kleensteel,kleensteel.com,345434471,salesforce
goulds pumps inc slurry pump,gouldspumpsincslurrypump.com,216990703,shopify
kansas city insurance report,kansascityinsurancereport.com,313594987,marketo
berhanu international foods,berhanuinternationalfoods.com,585857034,hubspot
roland ashcroft,store.rolandashcroft.com,848232844,zendesk
hispanic magazine,hispanicmagazine.com,806764004,bigcommerce
little sheet metal co,littlesheetmetal.com,90058397,marketo
"holmes, armstead j esq",holmesarmsteadj.com,918665071,marketo
"faw, james c cpa",fawjamesc.com,968169227,bigcommerce
evans rule company,evansrulecompany.com,492600774,amazon pay
tyee productions inc,yeeproductions.com,327129886,hubspot
dunnells & duvall,dunnellsduvall.com,197504086,marketo
deltam systems inc,deltamsystems.com,100848925,bigcommerce
hammill mfg co,hammillmfg.com,759993620,zendesk
sams corner store,samscornerstore.com,860544505,marketo
"siskin, mark j esq",siskinmarkj.com,847052341,amazon pay
cape & associates real estate,capeassociatesrealestate.com,266984612,marketo
merrill lynch,support.merrilllynch.com,141577071,shopify
"sublett, scott esq",sublettscott.com,877663054,google analytics
sentry signs,sentrysigns.com,564571319,hubspot
professionals unlimited,professionalsunlimited.com,648926502,google analytics
southern steel shelving co,southernsteelshelving.com,219643668,hubspot
"bosco, paul j",boscopaulj.com,50231219,amazon pay
"longo, nicholas j esq",longonicholasj.com,897095457,google analytics
henry county middle school,henrycountymiddleschool.com,158854775,marketo
edison supply & equipment co,disonsupplyequipment.com,483956562,bigcommerce
"wolf, warren r esq",wolfwarrenr.com,237818184,marketo
linguistic systems inc,linguisticsystems.com,218661297,google analytics
peace christian center,peacechristiancenter.com,867964283,amazon pay
double b foods inc,doublebfoods.com,860737623,shopify
alexander & alexander inc,alexanderalexander.com,278084831,hubspot
fairbanks scales,fairbanksscales.com,670037438,bigcommerce
cali sportswear cutting dept,calisportswearcuttingdept.com,781450194,bigcommerce
"garofani, john esq",garofanijohn.com,623108548,hubspot
thompson fabricating co,hompsonfabricating.com,696139882,amazon pay
century 21 krall real estate,century21krallrealestate.com,380841240,salesforce
mid contntl rlty & prop mgmt,midcontntlrltypropmgmt.com,356805574,hubspot
ace signs inc,acesigns.com,885224007,zendesk
rodeway inn,support.rodewayinn.com,99111145,hubspot
bonnet & daughter,bonnetdaughter.com,578621543,shopify
oshins & gibbons,oshinsgibbons.com,113473166,salesforce
price business services,ricebusinessservices.com,880271725,zendesk
"wise, dennis w md",wisedenniswmd.com,48231071,shopify
super 8 motel,super8motel.com,642395227,shopify
john wagner associates,johnwagnerassociates.com,678293150,salesforce
thrifty oil co,thriftyoil.com,423968203,salesforce
larkfield photo,larkfieldphoto.com,511239113,zendesk
silverman planetarium,silvermanplanetarium.com,888953778,bigcommerce
j & f lumber,jflumber.com,630952092,bigcommerce
cleaning station inc,cleaningstation.com,994782218,zendesk
ames stationers,amesstationers.com,340154499,amazon pay
midas muffler shops,midasmufflershops.com,317452928,salesforce
seaboard securities inc,seaboardsecurities.com,642884670,bigcommerce
"petersen, james e esq",petersenjamese.com,182853568,hubspot
development authority,developmentauthority.com,174780075,amazon pay
schott fiber optics inc,schottfiberoptics.com,930604704,bigcommerce
stuart j agins,tuartjagins.com,30113485,bigcommerce
mitsumi electronics corp,store.mitsumielectronics.com,641520317,salesforce
italian express franchise corp,italianexpressfranchise.com,252998291,hubspot
american council on sci & hlth,americancouncilonscihlth.com,697776572,marketo
"kleri, patricia s esq",kleripatricias.com,245225086,salesforce
twiggs abrams blanchard,wiggsabramsblanchard.com,169075458,bigcommerce
maui research & technology pk,auiresearchtechnologypk.com,93698047,bigcommerce
bradley nameplate corp,bradleynameplate.com,906645806,zendesk
geonex martel inc,geonexmartel.com,336371023,shopify
sea island div of fstr ind inc,seaislanddivoffstrind.com,423555035,amazon pay
"papay, debbie j esq",papaydebbiej.com,227470863,bigcommerce
lane promotions,lanepromotions.com,770336054,salesforce
stephen kennerly archts inc pc,stephenkennerlyarchtsincpc.com,529541750,salesforce
business systems of wis inc,usinesssystemsofwis.com,65575325,shopify
"flash, elena salerno esq",flashelenasalerno.com,472729552,hubspot
"neeley, gregory w esq",neeleygregoryw.com,944506785,shopify
alabama educational tv comm,alabamaeducationaltvcomm.com,706262455,shopify
franz inc,ranz.com,971543979,salesforce
plantation restaurant,plantationrestaurant.com,738702682,google analytics
radio communications co,radiocommunications.com,955753252,bigcommerce
dentalaw divsn hlth care,dentalawdivsnhlthcare.com,84302853,marketo
american speedy printing ctrs,americanspeedyprintingctrs.com,529291514,salesforce
"grayson, grant s esq",graysongrants.com,153158452,zendesk
jeanerette middle school,jeanerettemiddleschool.com,922751587,shopify
"haavisto, brian f esq",haavistobrianf.com,492792683,bigcommerce
wmmt radio station,wmmtradiostation.com,283558874,zendesk
colony paints sales ofc & plnt,colonypaintssalesofcplnt.com,237868830,marketo
floral expressions,loralexpressions.com,579101884,hubspot
casco services inc,cascoservices.com,599492785,google analytics
"reuter, arthur c jr",reuterarthurcjr.com,698133601,shopify
"kaminski, katherine andritsaki",kaminskikatherineandritsaki.com,150625349,marketo
sidewinder products corp,sidewinderproducts.com,521800440,hubspot
general foam corporation,eneralfoamcorporation.com,20034195,amazon pay
ikg borden divsn harsco corp,ikgbordendivsnharsco.com,210535810,shopify
anchor computer inc,anchorcomputer.com,579597397,bigcommerce
sebring & co,sebring.com,370621181,salesforce
h a c farm lines co optv assoc,hacfarmlinescooptvassoc.com,56985638,hubspot
"hunter, john j esq",hunterjohnj.com,123977500,zendesk
freehold fence co,freeholdfence.com,607078050,salesforce
binswanger,binswanger.com,510710870,hubspot
chilton malting co,chiltonmalting.com,953954505,marketo
"schoen, edward j jr",schoenedwardjjr.com,992565488,amazon pay
"helderman, seymour cpa",heldermanseymour.com,316901375,marketo
"denbrook, myron",enbrookmyron.com,554633967,google analytics
"lippitt, mike",lippittmike.com,607454906,marketo
"hiram, hogg p esq",hiramhoggp.com,153917564,marketo
in travel agency,intravelagency.com,320267143,google analytics
newhart foods inc,newhartfoods.com,585106401,google analytics
courtyard by marriott,courtyardbymarriott.com,114407368,amazon pay
"studer, eugene a esq",studereugenea.com,632354817,amazon pay
seashore supply co waretown,seashoresupplycowaretown.com,881061798,shopify
mayar silk inc,mayarsilk.com,515957804,bigcommerce
national medical excess corp,nationalmedicalexcess.com,630894979,marketo
stero company,terocompany.com,772250179,marketo
"hasting, h duane esq",hastinghduane.com,339002068,marketo
insty prints,instyprints.com,983894843,google analytics
glenridge manor mobile home pk,lenridgemanormobilehomepk.com,793859560,salesforce
circuit solution inc,circuitsolution.com,577864055,google analytics
local office,localoffice.com,242489471,amazon pay
lee kilkelly paulson & kabaker,leekilkellypaulsonkabaker.com,468362613,amazon pay
"davis, maxon r esq",davismaxonr.com,86603368,marketo
"garrison, paul e esq",arrisonpaule.com,400368259,hubspot
black history resource center,blackhistoryresourcecenter.com,804592751,hubspot
"rodriguez, j christopher esq",rodriguezjchristopher.com,333300851,zendesk
grant family health center,grantfamilyhealthcenter.com,311811499,amazon pay
goeman wood products inc,goemanwoodproducts.com,184390865,amazon pay
"linhares, kenneth a esq",linhareskennetha.com,621464489,salesforce
earnhardt printing,earnhardtprinting.com,930573560,marketo
h p g industrys inc,hpgindustrys.com,42051713,amazon pay
bailey transportation prod inc,baileytransportationprod.com,397659602,bigcommerce
mcglynn bliss pc,cglynnblisspc.com,32286730,shopify
mutual fish co,mutualfish.com,675206263,hubspot
"yeates, arthur l aia",yeatesarthurlaia.com,93471604,hubspot
"logan, ronald j esq",loganronaldj.com,669751034,amazon pay
advantage martgage company,advantagemartgagecompany.com,447704047,bigcommerce
germer and gertz llp,support.germerandgertzllp.com,824781253,google analytics
spence law offices,spencelawoffices.com,725445723,zendesk
john ortiz nts therapy center,johnortizntstherapycenter.com,516238127,shopify
mike uchrin htg & air cond inc,mikeuchrinhtgaircond.com,293376054,marketo
"mccoy, joy reynolds esq",mccoyjoyreynolds.com,759422317,shopify
kbor 1600 am,store.kbor1600am.com,127949926,hubspot
quality inn northwest,qualityinnnorthwest.com,873825381,marketo
wallace church assoc inc,allacechurchassoc.com,347196748,amazon pay
can tron,cantron.com,431471346,zendesk
ravaal enterprises inc,ravaalenterprises.com,932417587,shopify
thompson steel company inc,thompsonsteelcompany.com,295053598,bigcommerce
"anderson, mark a esq",andersonmarka.com,393643049,salesforce
womack & galich,womackgalich.com,411630955,shopify
valerie & company,valeriecompany.com,92134887,amazon pay
gehring pumps inc,gehringpumps.com,865189247,amazon pay
"haehnel, craig w esq",haehnelcraigw.com,522344289,shopify
spoor behrins campbell & young,spoorbehrinscampbellyoung.com,948005801,google analytics
ken jeter store equipment inc,kenjeterstoreequipment.com,788352747,shopify
"potter, brenda j cpa",potterbrendaj.com,183525884,google analytics
baird kurtz & dobson,bairdkurtzdobson.com,987623703,bigcommerce
"minor, cynthia a esq",minorcynthiaa.com,913380953,bigcommerce
"solove, robert a esq",oloveroberta.com,977633384,bigcommerce
mark ii imports inc,markiiimports.com,745231796,marketo
white sign div ctrl equip co,whitesigndivctrlequip.com,839000535,salesforce
m & m store fixtures co inc,mmstorefixturesco.com,686493280,bigcommerce
judah caster & wheel co,judahcasterwheel.com,977483099,amazon pay
galaxy international inc,galaxyinternational.com,13460290,zendesk
sigma corp of america,sigmacorpofamerica.com,145526410,google analytics
"soward, anne esq",sowardanne.com,125902832,hubspot
"osborne, michelle m esq",osbornemichellem.com,40494545,shopify
students in free entrprs natl,studentsinfreeentrprsnatl.com,571403787,bigcommerce
"johnson, robert m esq",johnsonrobertm.com,432770477,hubspot
del charro apartments,store.delcharroapartments.com,819750272,zendesk
legal search inc,legalsearch.com,431896422,shopify
service supply co inc,servicesupplyco.com,160003533,hubspot
"sameshima, douglas j esq",sameshimadouglasj.com,321242619,hubspot
"thompson, john randolph jr",thompsonjohnrandolphjr.com,458355267,zendesk
e t balancing co inc,etbalancingco.com,958906890,bigcommerce
"griswold, john e esq",griswoldjohne.com,805098813,marketo
acqua group,acquagroup.com,840883311,bigcommerce
"brooks, morris j jr",brooksmorrisjjr.com,73133268,amazon pay
printing images corp,printingimages.com,261757208,zendesk
roberts supply co inc,robertssupplyco.com,148418501,bigcommerce
vico products mfg co,vicoproductsmfg.com,943949649,amazon pay
j m custom design millwork,jmcustomdesignmillwork.com,398975990,marketo
farrell & johnson office equip,farrelljohnsonofficeequip.com,974887236,hubspot
millers market & deli,millersmarketdeli.com,621083799,salesforce
holiday inn naperville,holidayinnnaperville.com,120799297,shopify
"burrows, jon h esq",urrowsjonh.com,153178312,hubspot
dock seal specialty,docksealspecialty.com,642790473,amazon pay
five star limousines of tx inc,fivestarlimousinesoftx.com,444157960,google analytics
"barkan, neal j esq",store.barkannealj.com,644320394,marketo
"campbell, robert a",ampbellroberta.com,799508780,amazon pay
"dee, deanna",deedeanna.com,876745276,bigcommerce
"young, timothy l esq",youngtimothyl.com,324666109,hubspot
"wells, d fred esq",wellsdfred.com,972706602,salesforce
"gray, francine h esq",grayfrancineh.com,411485237,bigcommerce
toledo iv care,toledoivcare.com,523773940,salesforce
cangro transmission co,cangrotransmission.com,941745171,bigcommerce
sat poly inc,satpoly.com,554636249,salesforce
midwest contracting & mfg inc,midwestcontractingmfg.com,815300284,marketo
print doctor,printdoctor.com,305843592,zendesk
nordic group inc,nordicgroup.com,310100041,zendesk
jackson millwork co,jacksonmillwork.com,726656332,shopify
harris corporation,harriscorporation.com,560117854,hubspot
united cerebral palsy of ne pa,unitedcerebralpalsyofnepa.com,251361357,hubspot
one day surgery center inc,onedaysurgerycenter.com,875994957,google analytics
calaveras prospect,calaverasprospect.com,942415580,zendesk
"terk, robert e esq",erkroberte.com,352416760,google analytics
"cullen, terrence p esq",cullenterrencep.com,835503704,salesforce
central die casting mfg co inc,entraldiecastingmfgco.com,300133060,amazon pay
centerline engineering,support.centerlineengineering.com,369976935,bigcommerce
targan & kievit pa,targankievitpa.com,970301211,hubspot
riley riper hollin & colagreco,rileyriperhollincolagreco.com,82567686,bigcommerce
"kaplan, joel s esq",kaplanjoels.com,545129558,hubspot
water office,wateroffice.com,512896419,bigcommerce
"westbrooks, nelson e jr",westbrooksnelsonejr.com,450279203,hubspot
armon communications,armoncommunications.com,360431727,marketo
jacobs & gerber inc,jacobsgerber.com,362513594,hubspot
forest fire laboratory,orestfirelaboratory.com,939880534,shopify
"haughey, charles jr",haugheycharlesjr.com,50588731,amazon pay
wheaton plastic products,heatonplasticproducts.com,918845149,marketo
reese plastics,reeseplastics.com,875155728,amazon pay
nazette marner good wendt,nazettemarnergoodwendt.com,912036286,shopify
levinson axelrod wheaton,levinsonaxelrodwheaton.com,88454747,marketo
"egnor, w dan esq",egnorwdan.com,48280955,shopify
portland central thriftlodge,portlandcentralthriftlodge.com,433531722,salesforce
ulbrich trucking,ulbrichtrucking.com,188973099,amazon pay
tipiak inc,tipiak.com,894979517,marketo
saint george well drilling,saintgeorgewelldrilling.com,190883555,marketo
"hawkes, douglas d",hawkesdouglasd.com,337672295,shopify
accurel systems intrntl corp,accurelsystemsintrntl.com,308198603,marketo
santa cruz community internet,santacruzcommunityinternet.com,429471829,shopify
gersh & danielson,gershdanielson.com,514668957,hubspot
"cobb, james o esq",cobbjameso.com,490008780,zendesk
wheatley trucking company,heatleytruckingcompany.com,857828510,zendesk
systems graph inc ab dick dlr,systemsgraphincabdickdlr.com,724728194,shopify
john hancock mutl life ins co,johnhancockmutllifeins.com,102670936,amazon pay
history division of state,historydivisionofstate.com,655696884,salesforce
"dimmock, thomas j esq",dimmockthomasj.com,55804264,zendesk
intermed inc,intermed.com,934869960,salesforce
bank of new york,bankofnewyork.com,431978401,google analytics
sportmaster intrnatl,sportmasterintrnatl.com,472410910,salesforce
w w john holden inc,wwjohnholden.com,286610357,marketo
maccani & delp,support.maccanidelp.com,667679822,salesforce
amazonia film project,amazoniafilmproject.com,138533740,shopify
water & sewer department,watersewerdepartment.com,787778360,bigcommerce
switchcraft inc,switchcraft.com,968441535,hubspot
c w d c metal fabricators,cwdcmetalfabricators.com,342586736,bigcommerce
"shimotani, grace t",shimotanigracet.com,546295555,bigcommerce
"lisatoni, jean esq",lisatonijean.com,859331609,google analytics
ceramic tile sales inc,eramictilesales.com,339317569,google analytics
maiden craft inc,maidencraft.com,132809102,google analytics
carriage house cllsn rpr inc,carriagehousecllsnrpr.com,67285000,google analytics
video workshop,videoworkshop.com,975220632,zendesk
fresno tile center inc,fresnotilecenter.com,801171482,amazon pay
versatile sash & woodwork,versatilesashwoodwork.com,820738557,amazon pay
warner electric brk & cltch co,warnerelectricbrkcltch.com,414425878,shopify
new york public library,newyorkpubliclibrary.com,551504837,amazon pay
"mccaleb, john a esq",mccalebjohna.com,242492241,zendesk
united oil co inc,store.unitedoilco.com,536667317,salesforce
irving foot center,irvingfootcenter.com,529744638,shopify
acme supply co,acmesupply.com,761986030,zendesk
"mcrae, james l",mcraejamesl.com,636276776,salesforce
mcgraths seafood,mcgrathsseafood.com,654457492,google analytics
"kummerer, j michael esq",kummererjmichael.com,839422482,hubspot
"stoffer, james m jr",stofferjamesmjr.com,645336381,zendesk
north central fl sfty cncl,northcentralflsftycncl.com,286595890,bigcommerce
fiorucci foods usa inc,ioruccifoodsusa.com,832860476,hubspot
sign all,signall.com,738651202,google analytics
sammys steak den,sammyssteakden.com,80148212,google analytics
"dobscha, stephen f esq",dobschastephenf.com,666409320,shopify
morgan custom homes,morgancustomhomes.com,214267314,zendesk
olsen payne & company,olsenpaynecompany.com,686486496,shopify
cowan & kelly,cowankelly.com,190219794,shopify
"johnson, wes esq",johnsonwes.com,382931438,zendesk
icn pharmaceuticals inc,icnpharmaceuticals.com,87225993,amazon pay
new england sec equip co inc,newenglandsecequipco.com,657892773,marketo
"tippett, troy m ii",tippetttroymii.com,431341440,marketo
atc contracting,atccontracting.com,377918718,salesforce
"pagano, philip g esq",paganophilipg.com,29412186,bigcommerce
kwikprint,kwikprint.com,449418103,salesforce
buergi & madden scale,buergimaddenscale.com,104844530,marketo
inner label,innerlabel.com,429637713,hubspot
hermar inc,hermar.com,337667207,google analytics
simonton howe & schneider pc,simontonhoweschneiderpc.com,575507745,hubspot
warehouse office & paper prod,warehouseofficepaperprod.com,873674180,shopify
affiliated with travelodge,affiliatedwithtravelodge.com,493017155,shopify
